iter	Logloss
0	0.3158173152
1	0.1778847558
2	0.1090741021
3	0.06629510607
4	0.05071107319
5	0.03780761106
6	0.02689945017
7	0.02317796435
8	0.01978449821
9	0.0156464747
